0,1,2,3,4,R2
CRIM,ZN,INDUS,CHAS,NOX,0.12452531587559146
CRIM,ZN,INDUS,CHAS,RM,-0.8032229387394809
CRIM,ZN,INDUS,CHAS,AGE,0.13020654827568012
CRIM,ZN,INDUS,CHAS,DIS,-0.06104709336250691
CRIM,ZN,INDUS,CHAS,RAD,-0.01712178595118874
CRIM,ZN,INDUS,CHAS,TAX,0.22144113710694502
CRIM,ZN,INDUS,CHAS,PTRATIO,0.25659184595136686
CRIM,ZN,INDUS,CHAS,B,0.3063560898134833
CRIM,ZN,INDUS,CHAS,LSTAT,0.23137677999033912
CRIM,ZN,INDUS,NOX,RM,-0.9877529442682449
CRIM,ZN,INDUS,NOX,AGE,-0.04716750750947285
CRIM,ZN,INDUS,NOX,DIS,-0.07097201402817599
CRIM,ZN,INDUS,NOX,RAD,-0.3153194277775262
CRIM,ZN,INDUS,NOX,TAX,0.09889595478014823
CRIM,ZN,INDUS,NOX,PTRATIO,0.2954682689244037
CRIM,ZN,INDUS,NOX,B,0.18319011908259575
CRIM,ZN,INDUS,NOX,LSTAT,0.06853415653736039
CRIM,ZN,INDUS,RM,AGE,-0.9544269075714789
CRIM,ZN,INDUS,RM,DIS,-0.8878495243009135
CRIM,ZN,INDUS,RM,RAD,-1.646233185108363
CRIM,ZN,INDUS,RM,TAX,-0.9862426787551202
CRIM,ZN,INDUS,RM,PTRATIO,-0.5957239960353151
CRIM,ZN,INDUS,RM,B,-1.1272340615354515
CRIM,ZN,INDUS,RM,LSTAT,-0.42926443420212124
CRIM,ZN,INDUS,AGE,DIS,-0.1665449109347239
CRIM,ZN,INDUS,AGE,RAD,-0.31667766111883977
CRIM,ZN,INDUS,AGE,TAX,0.12227968250681742
CRIM,ZN,INDUS,AGE,PTRATIO,0.23263587681400832
CRIM,ZN,INDUS,AGE,B,0.21554335145688064
CRIM,ZN,INDUS,AGE,LSTAT,0.06103229953550504
CRIM,ZN,INDUS,DIS,RAD,-0.2966275602853383
CRIM,ZN,INDUS,DIS,TAX,-0.03267208755262918
CRIM,ZN,INDUS,DIS,PTRATIO,0.0748297209490072
CRIM,ZN,INDUS,DIS,B,0.01929749693105931
CRIM,ZN,INDUS,DIS,LSTAT,0.158383936259322
CRIM,ZN,INDUS,RAD,TAX,-0.2588454244917078
CRIM,ZN,INDUS,RAD,PTRATIO,-0.2030688312568274
CRIM,ZN,INDUS,RAD,B,0.014014761521767838
CRIM,ZN,INDUS,RAD,LSTAT,-0.08015370456232396
CRIM,ZN,INDUS,TAX,PTRATIO,0.2204594470780743
CRIM,ZN,INDUS,TAX,B,0.3076743781361049
CRIM,ZN,INDUS,TAX,LSTAT,0.17406789659342448
CRIM,ZN,INDUS,PTRATIO,B,0.13470162839857813
CRIM,ZN,INDUS,PTRATIO,LSTAT,0.32589065707218134
CRIM,ZN,INDUS,B,LSTAT,0.19901848028160274
CRIM,ZN,CHAS,NOX,RM,-0.8510129634936845
CRIM,ZN,CHAS,NOX,AGE,-0.03831107325076766
CRIM,ZN,CHAS,NOX,DIS,-0.20200383231229146
CRIM,ZN,CHAS,NOX,RAD,-0.20625040951227525
CRIM,ZN,CHAS,NOX,TAX,0.23547485109573718
CRIM,ZN,CHAS,NOX,PTRATIO,0.3239980536909862
CRIM,ZN,CHAS,NOX,B,0.1837369483836484
CRIM,ZN,CHAS,NOX,LSTAT,0.14259494414881224
CRIM,ZN,CHAS,RM,AGE,-0.7858609441258135
CRIM,ZN,CHAS,RM,DIS,-1.079793588930293
CRIM,ZN,CHAS,RM,RAD,-1.4751819938747919
CRIM,ZN,CHAS,RM,TAX,-0.8167441868706198
CRIM,ZN,CHAS,RM,PTRATIO,-0.574159634009483
CRIM,ZN,CHAS,RM,B,-0.955236066251762
CRIM,ZN,CHAS,RM,LSTAT,-0.20194818398454295
CRIM,ZN,CHAS,AGE,DIS,-0.530295081816899
CRIM,ZN,CHAS,AGE,RAD,-0.251628917325859
CRIM,ZN,CHAS,AGE,TAX,0.22151605325656964
CRIM,ZN,CHAS,AGE,PTRATIO,0.17330623140664536
CRIM,ZN,CHAS,AGE,B,0.03309769360417836
CRIM,ZN,CHAS,AGE,LSTAT,0.1073888190454122
CRIM,ZN,CHAS,DIS,RAD,-0.42625489281131945
CRIM,ZN,CHAS,DIS,TAX,0.07193404145674565
CRIM,ZN,CHAS,DIS,PTRATIO,-0.09894467560828346
CRIM,ZN,CHAS,DIS,B,-0.5679100354831312
CRIM,ZN,CHAS,DIS,LSTAT,0.08621158511209226
CRIM,ZN,CHAS,RAD,TAX,-0.05879010424829678
CRIM,ZN,CHAS,RAD,PTRATIO,-0.20808956996546146
CRIM,ZN,CHAS,RAD,B,-0.09147808495178267
CRIM,ZN,CHAS,RAD,LSTAT,0.10457781373268926
CRIM,ZN,CHAS,TAX,PTRATIO,0.24373027816955684
CRIM,ZN,CHAS,TAX,B,0.20697529981529805
CRIM,ZN,CHAS,TAX,LSTAT,0.2704791651812559
CRIM,ZN,CHAS,PTRATIO,B,-0.3574086945911483
CRIM,ZN,CHAS,PTRATIO,LSTAT,0.36217950257057174
CRIM,ZN,CHAS,B,LSTAT,0.2918526393257035
CRIM,ZN,NOX,RM,AGE,-1.0254453094099225
CRIM,ZN,NOX,RM,DIS,-0.8683860150530538
CRIM,ZN,NOX,RM,RAD,-1.6959765706613066
CRIM,ZN,NOX,RM,TAX,-0.9909939744530951
CRIM,ZN,NOX,RM,PTRATIO,-0.4951339903888541
CRIM,ZN,NOX,RM,B,-1.1314505363275913
CRIM,ZN,NOX,RM,LSTAT,-0.45882537496963294
CRIM,ZN,NOX,AGE,DIS,-0.37869195577828063
CRIM,ZN,NOX,AGE,RAD,-0.5450045796355438
CRIM,ZN,NOX,AGE,TAX,0.1269723473309673
CRIM,ZN,NOX,AGE,PTRATIO,0.2739578521306455
CRIM,ZN,NOX,AGE,B,0.0515690733565094
CRIM,ZN,NOX,AGE,LSTAT,0.015575500423230415
CRIM,ZN,NOX,DIS,RAD,-0.6574479388447474
CRIM,ZN,NOX,DIS,TAX,0.012460596043679883
CRIM,ZN,NOX,DIS,PTRATIO,0.15370974731841924
CRIM,ZN,NOX,DIS,B,-0.12542307082988313
CRIM,ZN,NOX,DIS,LSTAT,0.09493394634006969
CRIM,ZN,NOX,RAD,TAX,-0.2690006699999459
CRIM,ZN,NOX,RAD,PTRATIO,-0.40895477916416145
CRIM,ZN,NOX,RAD,B,-0.1269575742034108
CRIM,ZN,NOX,RAD,LSTAT,-0.08631730136912252
CRIM,ZN,NOX,TAX,PTRATIO,0.2428793911936471
CRIM,ZN,NOX,TAX,B,0.2518814989892999
CRIM,ZN,NOX,TAX,LSTAT,0.11594969620945561
CRIM,ZN,NOX,PTRATIO,B,0.27202797235929277
CRIM,ZN,NOX,PTRATIO,LSTAT,0.31469492545082545
CRIM,ZN,NOX,B,LSTAT,0.020101945612981842
CRIM,ZN,RM,AGE,DIS,-1.0149623315212235
CRIM,ZN,RM,AGE,RAD,-1.7085306466377927
CRIM,ZN,RM,AGE,TAX,-1.0027950899467486
CRIM,ZN,RM,AGE,PTRATIO,-0.5359106889505623
CRIM,ZN,RM,AGE,B,-1.1525342823313656
CRIM,ZN,RM,AGE,LSTAT,-0.32516684864466483
CRIM,ZN,RM,DIS,RAD,-1.6450937649181405
CRIM,ZN,RM,DIS,TAX,-0.8747539949539658
CRIM,ZN,RM,DIS,PTRATIO,-0.8104256331040591
CRIM,ZN,RM,DIS,B,-1.0471175657638625
CRIM,ZN,RM,DIS,LSTAT,-0.3624904954570285
CRIM,ZN,RM,RAD,TAX,-1.5140073535300975
CRIM,ZN,RM,RAD,PTRATIO,-1.4878002852059566
CRIM,ZN,RM,RAD,B,-1.893581607851805
CRIM,ZN,RM,RAD,LSTAT,-0.9107661843737864
CRIM,ZN,RM,TAX,PTRATIO,-0.7444098243280044
CRIM,ZN,RM,TAX,B,-1.1263524290569586
CRIM,ZN,RM,TAX,LSTAT,-0.4240843676217083
CRIM,ZN,RM,PTRATIO,B,-0.4523009596118652
CRIM,ZN,RM,PTRATIO,LSTAT,-0.01690043302187605
CRIM,ZN,RM,B,LSTAT,-0.4766588359185122
CRIM,ZN,AGE,DIS,RAD,-0.6688081077729142
CRIM,ZN,AGE,DIS,TAX,0.026946234695317872
CRIM,ZN,AGE,DIS,PTRATIO,-0.10115843971780714
CRIM,ZN,AGE,DIS,B,-0.4214941432330017
CRIM,ZN,AGE,DIS,LSTAT,-0.004788333311034565
CRIM,ZN,AGE,RAD,TAX,-0.2760742812664079
CRIM,ZN,AGE,RAD,PTRATIO,-0.3900446799217048
CRIM,ZN,AGE,RAD,B,-0.1480077315137458
CRIM,ZN,AGE,RAD,LSTAT,-0.0940080926205118
CRIM,ZN,AGE,TAX,PTRATIO,0.23256342148521425
CRIM,ZN,AGE,TAX,B,0.2569178871747819
CRIM,ZN,AGE,TAX,LSTAT,0.09574565864404982
CRIM,ZN,AGE,PTRATIO,B,-0.08595092493315493
CRIM,ZN,AGE,PTRATIO,LSTAT,0.2455168620533853
CRIM,ZN,AGE,B,LSTAT,0.06563796922491505
CRIM,ZN,DIS,RAD,TAX,-0.2610510978763432
CRIM,ZN,DIS,RAD,PTRATIO,-0.42161480579651056
CRIM,ZN,DIS,RAD,B,-0.5568191028601883
CRIM,ZN,DIS,RAD,LSTAT,-0.04286579365470655
CRIM,ZN,DIS,TAX,PTRATIO,0.13895456584864885
CRIM,ZN,DIS,TAX,B,-0.13605162619568412
CRIM,ZN,DIS,TAX,LSTAT,0.17273528035990893
CRIM,ZN,DIS,PTRATIO,B,-0.6151526269356529
CRIM,ZN,DIS,PTRATIO,LSTAT,0.25476198372064496
CRIM,ZN,DIS,B,LSTAT,0.027322794013989404
CRIM,ZN,RAD,TAX,PTRATIO,-0.2656814990188694
CRIM,ZN,RAD,TAX,B,0.026123347033249034
CRIM,ZN,RAD,TAX,LSTAT,-0.0338855466696375
CRIM,ZN,RAD,PTRATIO,B,-0.37876377854113974
CRIM,ZN,RAD,PTRATIO,LSTAT,0.07443619051731909
CRIM,ZN,RAD,B,LSTAT,0.05678778074621216
CRIM,ZN,TAX,PTRATIO,B,-0.16270661491081762
CRIM,ZN,TAX,PTRATIO,LSTAT,0.3332176861662619
CRIM,ZN,TAX,B,LSTAT,0.25695265333324724
CRIM,ZN,PTRATIO,B,LSTAT,0.247646509904358
CRIM,INDUS,CHAS,NOX,RM,-0.7935516163802987
CRIM,INDUS,CHAS,NOX,AGE,0.15476777207406855
CRIM,INDUS,CHAS,NOX,DIS,0.1524367214509228
CRIM,INDUS,CHAS,NOX,RAD,0.02288595208873112
CRIM,INDUS,CHAS,NOX,TAX,0.21721005316203978
CRIM,INDUS,CHAS,NOX,PTRATIO,0.3384957973765249
CRIM,INDUS,CHAS,NOX,B,0.32450488536868094
CRIM,INDUS,CHAS,NOX,LSTAT,0.16584240230665326
CRIM,INDUS,CHAS,RM,AGE,-0.7773131766115733
CRIM,INDUS,CHAS,RM,DIS,-0.7788084328547189
CRIM,INDUS,CHAS,RM,RAD,-1.3624427043559937
CRIM,INDUS,CHAS,RM,TAX,-0.8421344566818727
CRIM,INDUS,CHAS,RM,PTRATIO,-0.48022969598652465
CRIM,INDUS,CHAS,RM,B,-0.9451185073546866
CRIM,INDUS,CHAS,RM,LSTAT,-0.2956642377220673
CRIM,INDUS,CHAS,AGE,DIS,0.039672408882047705
CRIM,INDUS,CHAS,AGE,RAD,0.0065512934634393005
CRIM,INDUS,CHAS,AGE,TAX,0.22491508843970176
CRIM,INDUS,CHAS,AGE,PTRATIO,0.28275954070594544
CRIM,INDUS,CHAS,AGE,B,0.33181152206467524
CRIM,INDUS,CHAS,AGE,LSTAT,0.15005186329122366
CRIM,INDUS,CHAS,DIS,RAD,-0.028166866103908283
CRIM,INDUS,CHAS,DIS,TAX,0.08487504311981242
CRIM,INDUS,CHAS,DIS,PTRATIO,0.18429067032879032
CRIM,INDUS,CHAS,DIS,B,0.1758715429047505
CRIM,INDUS,CHAS,DIS,LSTAT,0.1990969221691279
CRIM,INDUS,CHAS,RAD,TAX,0.0002604484979680244
CRIM,INDUS,CHAS,RAD,PTRATIO,0.006262877034054148
CRIM,INDUS,CHAS,RAD,B,0.24472649977500338
CRIM,INDUS,CHAS,RAD,LSTAT,0.10903738186053635
CRIM,INDUS,CHAS,TAX,PTRATIO,0.25794570031532804
CRIM,INDUS,CHAS,TAX,B,0.3285141440064525
CRIM,INDUS,CHAS,TAX,LSTAT,0.23980406378823915
CRIM,INDUS,CHAS,PTRATIO,B,0.06227105507897557
CRIM,INDUS,CHAS,PTRATIO,LSTAT,0.3597650438506682
CRIM,INDUS,CHAS,B,LSTAT,0.2602796418888419
CRIM,INDUS,NOX,RM,AGE,-1.006164266670822
CRIM,INDUS,NOX,RM,DIS,-0.805983810525567
CRIM,INDUS,NOX,RM,RAD,-1.6514929089964885
CRIM,INDUS,NOX,RM,TAX,-1.0266487185014461
CRIM,INDUS,NOX,RM,PTRATIO,-0.4988143658537709
CRIM,INDUS,NOX,RM,B,-1.146467652609061
CRIM,INDUS,NOX,RM,LSTAT,-0.4683552150016286
CRIM,INDUS,NOX,AGE,DIS,-0.025959847405931713
CRIM,INDUS,NOX,AGE,RAD,-0.29370429531191267
CRIM,INDUS,NOX,AGE,TAX,0.09225166570756593
CRIM,INDUS,NOX,AGE,PTRATIO,0.3042208482912674
CRIM,INDUS,NOX,AGE,B,0.21282505173018618
CRIM,INDUS,NOX,AGE,LSTAT,0.049924724004733134
CRIM,INDUS,NOX,DIS,RAD,-0.23838833035066465
CRIM,INDUS,NOX,DIS,TAX,0.04199675684303816
CRIM,INDUS,NOX,DIS,PTRATIO,0.277648223931541
CRIM,INDUS,NOX,DIS,B,0.165071036098289
CRIM,INDUS,NOX,DIS,LSTAT,0.1379330454150155
CRIM,INDUS,NOX,RAD,TAX,-0.22265219834529915
CRIM,INDUS,NOX,RAD,PTRATIO,-0.2966686422542908
CRIM,INDUS,NOX,RAD,B,0.03012221775141022
CRIM,INDUS,NOX,RAD,LSTAT,-0.054802894137262914
CRIM,INDUS,NOX,TAX,PTRATIO,0.2610904681695869
CRIM,INDUS,NOX,TAX,B,0.2747513140098782
CRIM,INDUS,NOX,TAX,LSTAT,0.1038165200543314
CRIM,INDUS,NOX,PTRATIO,B,0.29558599211955494
CRIM,INDUS,NOX,PTRATIO,LSTAT,0.3132350280342969
CRIM,INDUS,NOX,B,LSTAT,0.04924540922862819
CRIM,INDUS,RM,AGE,DIS,-0.8369279411951422
CRIM,INDUS,RM,AGE,RAD,-1.6966405942948182
CRIM,INDUS,RM,AGE,TAX,-1.0391388474073047
CRIM,INDUS,RM,AGE,PTRATIO,-0.5657322135483356
CRIM,INDUS,RM,AGE,B,-1.1818116691563683
CRIM,INDUS,RM,AGE,LSTAT,-0.4052898773320832
CRIM,INDUS,RM,DIS,RAD,-1.4719422949375445
CRIM,INDUS,RM,DIS,TAX,-0.9566325949278369
CRIM,INDUS,RM,DIS,PTRATIO,-0.5597998024393411
CRIM,INDUS,RM,DIS,B,-1.0186265323327826
CRIM,INDUS,RM,DIS,LSTAT,-0.3100827383783735
CRIM,INDUS,RM,RAD,TAX,-1.543071110961062
CRIM,INDUS,RM,RAD,PTRATIO,-1.379553487054848
CRIM,INDUS,RM,RAD,B,-1.9496355309041582
CRIM,INDUS,RM,RAD,LSTAT,-0.9439683565153751
CRIM,INDUS,RM,TAX,PTRATIO,-0.7299371118460776
CRIM,INDUS,RM,TAX,B,-1.1987914396533297
CRIM,INDUS,RM,TAX,LSTAT,-0.4470513080668601
CRIM,INDUS,RM,PTRATIO,B,-0.42874955765910316
CRIM,INDUS,RM,PTRATIO,LSTAT,-0.10973817807758746
CRIM,INDUS,RM,B,LSTAT,-0.4813722259602411
CRIM,INDUS,AGE,DIS,RAD,-0.29436627483507594
CRIM,INDUS,AGE,DIS,TAX,-0.017666271930101285
CRIM,INDUS,AGE,DIS,PTRATIO,0.17540165457348644
CRIM,INDUS,AGE,DIS,B,0.11730445188242578
CRIM,INDUS,AGE,DIS,LSTAT,0.11298650829350754
CRIM,INDUS,AGE,RAD,TAX,-0.240290362437803
CRIM,INDUS,AGE,RAD,PTRATIO,-0.2129923559916258
CRIM,INDUS,AGE,RAD,B,0.019806073215450914
CRIM,INDUS,AGE,RAD,LSTAT,-0.05671910902907373
CRIM,INDUS,AGE,TAX,PTRATIO,0.23259138952420066
CRIM,INDUS,AGE,TAX,B,0.3018289771705577
CRIM,INDUS,AGE,TAX,LSTAT,0.08833206707149033
CRIM,INDUS,AGE,PTRATIO,B,0.15451272624061474
CRIM,INDUS,AGE,PTRATIO,LSTAT,0.2603880552955292
CRIM,INDUS,AGE,B,LSTAT,0.09283702699866747
CRIM,INDUS,DIS,RAD,TAX,-0.2202306175730997
CRIM,INDUS,DIS,RAD,PTRATIO,-0.1337129851092922
CRIM,INDUS,DIS,RAD,B,0.037846581517046785
CRIM,INDUS,DIS,RAD,LSTAT,0.03287558619329556
CRIM,INDUS,DIS,TAX,PTRATIO,0.15238599529079133
CRIM,INDUS,DIS,TAX,B,0.1553473942147089
CRIM,INDUS,DIS,TAX,LSTAT,0.1492582631289262
CRIM,INDUS,DIS,PTRATIO,B,-0.016518896001654904
CRIM,INDUS,DIS,PTRATIO,LSTAT,0.31797993523974666
CRIM,INDUS,DIS,B,LSTAT,0.15946903190090178
CRIM,INDUS,RAD,TAX,PTRATIO,-0.23292154739458693
CRIM,INDUS,RAD,TAX,B,0.0033381631335168693
CRIM,INDUS,RAD,TAX,LSTAT,-0.07644070134808323
CRIM,INDUS,RAD,PTRATIO,B,0.08475111407935743
CRIM,INDUS,RAD,PTRATIO,LSTAT,0.07834414283875835
CRIM,INDUS,RAD,B,LSTAT,0.045022894529413104
CRIM,INDUS,TAX,PTRATIO,B,0.1190788805378673
CRIM,INDUS,TAX,PTRATIO,LSTAT,0.32437740345952215
CRIM,INDUS,TAX,B,LSTAT,0.2068112638600842
CRIM,INDUS,PTRATIO,B,LSTAT,0.18382349159168399
CRIM,CHAS,NOX,RM,AGE,-0.86647931793119
CRIM,CHAS,NOX,RM,DIS,-0.7958739240169233
CRIM,CHAS,NOX,RM,RAD,-1.462413057417229
CRIM,CHAS,NOX,RM,TAX,-0.8715932880296189
CRIM,CHAS,NOX,RM,PTRATIO,-0.3741314335642245
CRIM,CHAS,NOX,RM,B,-1.0307170222792519
CRIM,CHAS,NOX,RM,LSTAT,-0.3412992683559717
CRIM,CHAS,NOX,AGE,DIS,-0.1521555187617598
CRIM,CHAS,NOX,AGE,RAD,-0.214531839629019
CRIM,CHAS,NOX,AGE,TAX,0.24079139526905258
CRIM,CHAS,NOX,AGE,PTRATIO,0.33430244377417284
CRIM,CHAS,NOX,AGE,B,0.20203062676883243
CRIM,CHAS,NOX,AGE,LSTAT,0.08815575498028616
CRIM,CHAS,NOX,DIS,RAD,-0.3325115415658304
CRIM,CHAS,NOX,DIS,TAX,0.1377007334388426
CRIM,CHAS,NOX,DIS,PTRATIO,0.26281655755376765
CRIM,CHAS,NOX,DIS,B,0.07258189319456765
CRIM,CHAS,NOX,DIS,LSTAT,0.11946188309888128
CRIM,CHAS,NOX,RAD,TAX,0.0044480756748547234
CRIM,CHAS,NOX,RAD,PTRATIO,-0.17007151714279667
CRIM,CHAS,NOX,RAD,B,0.08339243235830907
CRIM,CHAS,NOX,RAD,LSTAT,0.049542365809359
CRIM,CHAS,NOX,TAX,PTRATIO,0.30679675896181335
CRIM,CHAS,NOX,TAX,B,0.3565732085159069
CRIM,CHAS,NOX,TAX,LSTAT,0.16349869275854845
CRIM,CHAS,NOX,PTRATIO,B,0.2703254727613834
CRIM,CHAS,NOX,PTRATIO,LSTAT,0.35246567686531516
CRIM,CHAS,NOX,B,LSTAT,0.08600030856526408
CRIM,CHAS,RM,AGE,DIS,-0.9248821403035257
CRIM,CHAS,RM,AGE,RAD,-1.470536711843744
CRIM,CHAS,RM,AGE,TAX,-0.8560376849532736
CRIM,CHAS,RM,AGE,PTRATIO,-0.45411936975712663
CRIM,CHAS,RM,AGE,B,-0.9867952864022875
CRIM,CHAS,RM,AGE,LSTAT,-0.2580572642968175
CRIM,CHAS,RM,DIS,RAD,-1.5706551671405413
CRIM,CHAS,RM,DIS,TAX,-0.918564468209734
CRIM,CHAS,RM,DIS,PTRATIO,-0.6983124024108651
CRIM,CHAS,RM,DIS,B,-1.0418373403207677
CRIM,CHAS,RM,DIS,LSTAT,-0.3398257994868019
CRIM,CHAS,RM,RAD,TAX,-1.3737241737219943
CRIM,CHAS,RM,RAD,PTRATIO,-1.354084813852808
CRIM,CHAS,RM,RAD,B,-1.5669512774994399
CRIM,CHAS,RM,RAD,LSTAT,-0.7010659519455247
CRIM,CHAS,RM,TAX,PTRATIO,-0.6519258815003088
CRIM,CHAS,RM,TAX,B,-0.9273045149321462
CRIM,CHAS,RM,TAX,LSTAT,-0.28243320753459433
CRIM,CHAS,RM,PTRATIO,B,-0.36314692216628974
CRIM,CHAS,RM,PTRATIO,LSTAT,0.03975604601494176
CRIM,CHAS,RM,B,LSTAT,-0.31500345132710916
CRIM,CHAS,AGE,DIS,RAD,-0.38341488852675987
CRIM,CHAS,AGE,DIS,TAX,0.13162444306379983
CRIM,CHAS,AGE,DIS,PTRATIO,0.08817838701455627
CRIM,CHAS,AGE,DIS,B,-0.2609513988587542
CRIM,CHAS,AGE,DIS,LSTAT,0.026666299842179386
CRIM,CHAS,AGE,RAD,TAX,-0.04405355092777952
CRIM,CHAS,AGE,RAD,PTRATIO,-0.1799088257429753
CRIM,CHAS,AGE,RAD,B,-0.015438725923084817
CRIM,CHAS,AGE,RAD,LSTAT,0.009488023373215526
CRIM,CHAS,AGE,TAX,PTRATIO,0.2902520303900987
CRIM,CHAS,AGE,TAX,B,0.25643407165583976
CRIM,CHAS,AGE,TAX,LSTAT,0.12884427772606422
CRIM,CHAS,AGE,PTRATIO,B,-0.17768470139951553
CRIM,CHAS,AGE,PTRATIO,LSTAT,0.28000475288792637
CRIM,CHAS,AGE,B,LSTAT,0.0682988330631451
CRIM,CHAS,DIS,RAD,TAX,-0.05774905521348361
CRIM,CHAS,DIS,RAD,PTRATIO,-0.20592691137349384
CRIM,CHAS,DIS,RAD,B,-0.42571682442460146
CRIM,CHAS,DIS,RAD,LSTAT,0.002838775387598025
CRIM,CHAS,DIS,TAX,PTRATIO,0.24024578828183873
CRIM,CHAS,DIS,TAX,B,-0.07978012932394685
CRIM,CHAS,DIS,TAX,LSTAT,0.14268643643200618
CRIM,CHAS,DIS,PTRATIO,B,-0.7161968273482358
CRIM,CHAS,DIS,PTRATIO,LSTAT,0.29237389219066
CRIM,CHAS,DIS,B,LSTAT,0.00329123800815756
CRIM,CHAS,RAD,TAX,PTRATIO,-0.10178598240779269
CRIM,CHAS,RAD,TAX,B,0.18984485206554302
CRIM,CHAS,RAD,TAX,LSTAT,0.0947951677159482
CRIM,CHAS,RAD,PTRATIO,B,-0.7224662157127675
CRIM,CHAS,RAD,PTRATIO,LSTAT,0.18852843972819866
CRIM,CHAS,RAD,B,LSTAT,0.17932786365343778
CRIM,CHAS,TAX,PTRATIO,B,-0.5654471733361097
CRIM,CHAS,TAX,PTRATIO,LSTAT,0.3656053495261652
CRIM,CHAS,TAX,B,LSTAT,0.27227892295414
CRIM,CHAS,PTRATIO,B,LSTAT,0.2260145297420565
CRIM,NOX,RM,AGE,DIS,-0.9192297572267003
CRIM,NOX,RM,AGE,RAD,-1.7349994411396317
CRIM,NOX,RM,AGE,TAX,-1.0528644978893484
CRIM,NOX,RM,AGE,PTRATIO,-0.5160196589269179
CRIM,NOX,RM,AGE,B,-1.148515006753411
CRIM,NOX,RM,AGE,LSTAT,-0.44152944680173833
CRIM,NOX,RM,DIS,RAD,-1.632960410637665
CRIM,NOX,RM,DIS,TAX,-1.0060421121046628
CRIM,NOX,RM,DIS,PTRATIO,-0.3377206591222135
CRIM,NOX,RM,DIS,B,-1.2447893081949846
CRIM,NOX,RM,DIS,LSTAT,-0.3429697445904112
CRIM,NOX,RM,RAD,TAX,-1.5587497299650441
CRIM,NOX,RM,RAD,PTRATIO,-1.389997491152653
CRIM,NOX,RM,RAD,B,-2.202397919709366
CRIM,NOX,RM,RAD,LSTAT,-0.9032142017929834
CRIM,NOX,RM,TAX,PTRATIO,-0.7002049996592883
CRIM,NOX,RM,TAX,B,-1.2363407754099995
CRIM,NOX,RM,TAX,LSTAT,-0.42317971838093404
CRIM,NOX,RM,PTRATIO,B,-0.42266133067533285
CRIM,NOX,RM,PTRATIO,LSTAT,-0.10580205684389865
CRIM,NOX,RM,B,LSTAT,-0.3912345262789645
CRIM,NOX,AGE,DIS,RAD,-0.6833683594186162
CRIM,NOX,AGE,DIS,TAX,-0.022342992030808695
CRIM,NOX,AGE,DIS,PTRATIO,0.2362643743371068
CRIM,NOX,AGE,DIS,B,-0.08325333841307958
CRIM,NOX,AGE,DIS,LSTAT,0.019858709919054696
CRIM,NOX,AGE,RAD,TAX,-0.2704280531028165
CRIM,NOX,AGE,RAD,PTRATIO,-0.4115294838232655
CRIM,NOX,AGE,RAD,B,-0.15539823437191402
CRIM,NOX,AGE,RAD,LSTAT,-0.12175876154780974
CRIM,NOX,AGE,TAX,PTRATIO,0.2388556395428767
CRIM,NOX,AGE,TAX,B,0.2841632370972724
CRIM,NOX,AGE,TAX,LSTAT,0.058788684459458396
CRIM,NOX,AGE,PTRATIO,B,0.28066021087109705
CRIM,NOX,AGE,PTRATIO,LSTAT,0.27110413121576893
CRIM,NOX,AGE,B,LSTAT,-0.001966776756506583
CRIM,NOX,DIS,RAD,TAX,-0.25856729206374185
CRIM,NOX,DIS,RAD,PTRATIO,-0.46448205647328833
CRIM,NOX,DIS,RAD,B,-0.36045721266365893
CRIM,NOX,DIS,RAD,LSTAT,-0.09611712119193982
CRIM,NOX,DIS,TAX,PTRATIO,0.11336204984543019
CRIM,NOX,DIS,TAX,B,0.19722215607449067
CRIM,NOX,DIS,TAX,LSTAT,0.11177716632119694
CRIM,NOX,DIS,PTRATIO,B,0.30203677233768134
CRIM,NOX,DIS,PTRATIO,LSTAT,0.3505668612318257
CRIM,NOX,DIS,B,LSTAT,0.07769973572626943
CRIM,NOX,RAD,TAX,PTRATIO,-0.28273252153982176
CRIM,NOX,RAD,TAX,B,-0.0013629993788830674
CRIM,NOX,RAD,TAX,LSTAT,-0.09969742891989308
CRIM,NOX,RAD,PTRATIO,B,0.046341699388903757
CRIM,NOX,RAD,PTRATIO,LSTAT,0.07596683967671547
CRIM,NOX,RAD,B,LSTAT,-0.010464092945552617
CRIM,NOX,TAX,PTRATIO,B,0.28711328691712656
CRIM,NOX,TAX,PTRATIO,LSTAT,0.3147186497708805
CRIM,NOX,TAX,B,LSTAT,-0.007874869598804679
CRIM,NOX,PTRATIO,B,LSTAT,0.09981028413121151
CRIM,RM,AGE,DIS,RAD,-1.671896206837058
CRIM,RM,AGE,DIS,TAX,-1.0026587532230127
CRIM,RM,AGE,DIS,PTRATIO,-0.6241333524545132
CRIM,RM,AGE,DIS,B,-1.1132973868148737
CRIM,RM,AGE,DIS,LSTAT,-0.4118125840675233
CRIM,RM,AGE,RAD,TAX,-1.5657420440399221
CRIM,RM,AGE,RAD,PTRATIO,-1.4715249925747487
CRIM,RM,AGE,RAD,B,-2.1069911357045297
CRIM,RM,AGE,RAD,LSTAT,-0.8649767552328484
CRIM,RM,AGE,TAX,PTRATIO,-0.7405203047138194
CRIM,RM,AGE,TAX,B,-1.2668646030651556
CRIM,RM,AGE,TAX,LSTAT,-0.38945478379287435
CRIM,RM,AGE,PTRATIO,B,-0.4363552899324481
CRIM,RM,AGE,PTRATIO,LSTAT,-0.04650796999604778
CRIM,RM,AGE,B,LSTAT,-0.4008441220664225
CRIM,RM,DIS,RAD,TAX,-1.5382497915479143
CRIM,RM,DIS,RAD,PTRATIO,-1.4995120983035757
CRIM,RM,DIS,RAD,B,-1.739237466509838
CRIM,RM,DIS,RAD,LSTAT,-0.7846252464628574
CRIM,RM,DIS,TAX,PTRATIO,-0.7631857445624668
CRIM,RM,DIS,TAX,B,-1.0183460972846348
CRIM,RM,DIS,TAX,LSTAT,-0.33905296502736326
CRIM,RM,DIS,PTRATIO,B,-0.4574415091164299
CRIM,RM,DIS,PTRATIO,LSTAT,-0.0876340710339294
CRIM,RM,DIS,B,LSTAT,-0.3388912225488887
CRIM,RM,RAD,TAX,PTRATIO,-1.3281228264865743
CRIM,RM,RAD,TAX,B,-2.0119827944393496
CRIM,RM,RAD,TAX,LSTAT,-0.8354192503436129
CRIM,RM,RAD,PTRATIO,B,-1.1672031595836385
CRIM,RM,RAD,PTRATIO,LSTAT,-0.6831398682099215
CRIM,RM,RAD,B,LSTAT,-1.135492493909867
CRIM,RM,TAX,PTRATIO,B,-0.5261799999776551
CRIM,RM,TAX,PTRATIO,LSTAT,-0.17868231094171727
CRIM,RM,TAX,B,LSTAT,-0.5709432878679355
CRIM,RM,PTRATIO,B,LSTAT,0.04940319421836881
CRIM,AGE,DIS,RAD,TAX,-0.2998021072361634
CRIM,AGE,DIS,RAD,PTRATIO,-0.41321455572772203
CRIM,AGE,DIS,RAD,B,-0.34845290600588763
CRIM,AGE,DIS,RAD,LSTAT,-0.12108179406680719
CRIM,AGE,DIS,TAX,PTRATIO,0.1997142987727032
CRIM,AGE,DIS,TAX,B,0.0792012297806699
CRIM,AGE,DIS,TAX,LSTAT,0.07857374661766003
CRIM,AGE,DIS,PTRATIO,B,-0.3267055694154859
CRIM,AGE,DIS,PTRATIO,LSTAT,0.252467560542191
CRIM,AGE,DIS,B,LSTAT,-0.04805074638429829
CRIM,AGE,RAD,TAX,PTRATIO,-0.2677886035864845
CRIM,AGE,RAD,TAX,B,0.05419845230623077
CRIM,AGE,RAD,TAX,LSTAT,-0.08752242257725862
CRIM,AGE,RAD,PTRATIO,B,-0.22227981468289526
CRIM,AGE,RAD,PTRATIO,LSTAT,0.0682143539554041
CRIM,AGE,RAD,B,LSTAT,-0.027527554964091205
CRIM,AGE,TAX,PTRATIO,B,-0.09014308197155452
CRIM,AGE,TAX,PTRATIO,LSTAT,0.24926438483538704
CRIM,AGE,TAX,B,LSTAT,0.06295642558545245
CRIM,AGE,PTRATIO,B,LSTAT,0.0030946686468551476
CRIM,DIS,RAD,TAX,PTRATIO,-0.2190293074927665
CRIM,DIS,RAD,TAX,B,0.08549631049077344
CRIM,DIS,RAD,TAX,LSTAT,-0.03798021791594941
CRIM,DIS,RAD,PTRATIO,B,-0.658916757164492
CRIM,DIS,RAD,PTRATIO,LSTAT,0.09301684680295907
CRIM,DIS,RAD,B,LSTAT,-0.05686042103782851
CRIM,DIS,TAX,PTRATIO,B,-0.5688243050688804
CRIM,DIS,TAX,PTRATIO,LSTAT,0.2780322453627946
CRIM,DIS,TAX,B,LSTAT,0.04507277632003559
CRIM,DIS,PTRATIO,B,LSTAT,-0.027605420711708906
CRIM,RAD,TAX,PTRATIO,B,-0.03234340994410023
CRIM,RAD,TAX,PTRATIO,LSTAT,0.039689450589291186
CRIM,RAD,TAX,B,LSTAT,-0.021484517108733003
CRIM,RAD,PTRATIO,B,LSTAT,0.20567733279521283
CRIM,TAX,PTRATIO,B,LSTAT,0.278193131961744
ZN,INDUS,CHAS,NOX,RM,-1.1166324465933468
ZN,INDUS,CHAS,NOX,AGE,-0.2735438733782505
ZN,INDUS,CHAS,NOX,DIS,-0.42870134192432463
ZN,INDUS,CHAS,NOX,RAD,-0.15875045396844878
ZN,INDUS,CHAS,NOX,TAX,0.015584934205204237
ZN,INDUS,CHAS,NOX,PTRATIO,0.17894269217690284
ZN,INDUS,CHAS,NOX,B,0.06933666895772594
ZN,INDUS,CHAS,NOX,LSTAT,0.14469145960480578
ZN,INDUS,CHAS,RM,AGE,-1.1025580027023225
ZN,INDUS,CHAS,RM,DIS,-1.1872034719448732
ZN,INDUS,CHAS,RM,RAD,-1.141124397664253
ZN,INDUS,CHAS,RM,TAX,-0.8062897019306317
ZN,INDUS,CHAS,RM,PTRATIO,-0.7272438397150132
ZN,INDUS,CHAS,RM,B,-1.4307550968135758
ZN,INDUS,CHAS,RM,LSTAT,-0.39059052701567265
ZN,INDUS,CHAS,AGE,DIS,-0.5618834557239116
ZN,INDUS,CHAS,AGE,RAD,-0.15782198912705647
ZN,INDUS,CHAS,AGE,TAX,0.04069493800077806
ZN,INDUS,CHAS,AGE,PTRATIO,0.055968208159888344
ZN,INDUS,CHAS,AGE,B,0.07807338656615004
ZN,INDUS,CHAS,AGE,LSTAT,0.1360552836643203
ZN,INDUS,CHAS,DIS,RAD,-0.3319599819754617
ZN,INDUS,CHAS,DIS,TAX,-0.23945110243395296
ZN,INDUS,CHAS,DIS,PTRATIO,-0.22985996395107633
ZN,INDUS,CHAS,DIS,B,-0.1482284429683347
ZN,INDUS,CHAS,DIS,LSTAT,0.13569900701897997
ZN,INDUS,CHAS,RAD,TAX,-0.202442347341806
ZN,INDUS,CHAS,RAD,PTRATIO,-0.14194611671944712
ZN,INDUS,CHAS,RAD,B,0.17386092397806496
ZN,INDUS,CHAS,RAD,LSTAT,0.09011201535777968
ZN,INDUS,CHAS,TAX,PTRATIO,0.08588599968284605
ZN,INDUS,CHAS,TAX,B,0.23705915184252113
ZN,INDUS,CHAS,TAX,LSTAT,0.28778121495413833
ZN,INDUS,CHAS,PTRATIO,B,0.17115109685131114
ZN,INDUS,CHAS,PTRATIO,LSTAT,0.40292115266730677
ZN,INDUS,CHAS,B,LSTAT,0.27242178897569924
ZN,INDUS,NOX,RM,AGE,-1.368110701868443
ZN,INDUS,NOX,RM,DIS,-1.1942903770804438
ZN,INDUS,NOX,RM,RAD,-1.4286507335928986
ZN,INDUS,NOX,RM,TAX,-0.9958001900906555
ZN,INDUS,NOX,RM,PTRATIO,-0.6871117654101078
ZN,INDUS,NOX,RM,B,-1.748296783546655
ZN,INDUS,NOX,RM,LSTAT,-0.597690770802576
ZN,INDUS,NOX,AGE,DIS,-0.6856215179157297
ZN,INDUS,NOX,AGE,RAD,-0.4558879783669485
ZN,INDUS,NOX,AGE,TAX,-0.10958665999939776
ZN,INDUS,NOX,AGE,PTRATIO,0.0947568957074939
ZN,INDUS,NOX,AGE,B,-0.12974344903109314
ZN,INDUS,NOX,AGE,LSTAT,0.012524623725312378
ZN,INDUS,NOX,DIS,RAD,-0.5361604971755654
ZN,INDUS,NOX,DIS,TAX,-0.2592169722488826
ZN,INDUS,NOX,DIS,PTRATIO,-0.06999206951454706
ZN,INDUS,NOX,DIS,B,-0.517443048312777
ZN,INDUS,NOX,DIS,LSTAT,0.06932507833973056
ZN,INDUS,NOX,RAD,TAX,-0.4545437424684764
ZN,INDUS,NOX,RAD,PTRATIO,-0.40055715895943544
ZN,INDUS,NOX,RAD,B,-0.006853472151916895
ZN,INDUS,NOX,RAD,LSTAT,-0.07788167333171647
ZN,INDUS,NOX,TAX,PTRATIO,0.09158293004885909
ZN,INDUS,NOX,TAX,B,0.15306342375699
ZN,INDUS,NOX,TAX,LSTAT,0.14130231719836106
ZN,INDUS,NOX,PTRATIO,B,0.3128027904911348
ZN,INDUS,NOX,PTRATIO,LSTAT,0.34564966327386926
ZN,INDUS,NOX,B,LSTAT,0.045341065174885564
ZN,INDUS,RM,AGE,DIS,-1.27801569121412
ZN,INDUS,RM,AGE,RAD,-1.4535617123861555
ZN,INDUS,RM,AGE,TAX,-1.0094877606876436
ZN,INDUS,RM,AGE,PTRATIO,-0.7965609761837302
ZN,INDUS,RM,AGE,B,-1.738222940202664
ZN,INDUS,RM,AGE,LSTAT,-0.517284501495191
ZN,INDUS,RM,DIS,RAD,-1.215493276326895
ZN,INDUS,RM,DIS,TAX,-0.862850857655755
ZN,INDUS,RM,DIS,PTRATIO,-0.9276741343586101
ZN,INDUS,RM,DIS,B,-1.5732567605898131
ZN,INDUS,RM,DIS,LSTAT,-0.43761573133911846
ZN,INDUS,RM,RAD,TAX,-1.3495706983040234
ZN,INDUS,RM,RAD,PTRATIO,-1.184218447925339
ZN,INDUS,RM,RAD,B,-1.78143444462084
ZN,INDUS,RM,RAD,LSTAT,-0.8141887248254533
ZN,INDUS,RM,TAX,PTRATIO,-0.7457220870894301
ZN,INDUS,RM,TAX,B,-1.2807366540540643
ZN,INDUS,RM,TAX,LSTAT,-0.42930393530175537
ZN,INDUS,RM,PTRATIO,B,-0.6972026128581341
ZN,INDUS,RM,PTRATIO,LSTAT,-0.15799142628931206
ZN,INDUS,RM,B,LSTAT,-0.6285854595596463
ZN,INDUS,AGE,DIS,RAD,-0.5151442242104258
ZN,INDUS,AGE,DIS,TAX,-0.27932269687738787
ZN,INDUS,AGE,DIS,PTRATIO,-0.272944103660425
ZN,INDUS,AGE,DIS,B,-0.3275191828721056
ZN,INDUS,AGE,DIS,LSTAT,0.023897761935162132
ZN,INDUS,AGE,RAD,TAX,-0.43865206865930784
ZN,INDUS,AGE,RAD,PTRATIO,-0.3332882415130811
ZN,INDUS,AGE,RAD,B,-0.023475482099802658
ZN,INDUS,AGE,RAD,LSTAT,-0.09188982702391435
ZN,INDUS,AGE,TAX,PTRATIO,0.04943360015081877
ZN,INDUS,AGE,TAX,B,0.18129997957531496
ZN,INDUS,AGE,TAX,LSTAT,0.1289530406410203
ZN,INDUS,AGE,PTRATIO,B,0.21579623099082468
ZN,INDUS,AGE,PTRATIO,LSTAT,0.28166005987936926
ZN,INDUS,AGE,B,LSTAT,0.07612627513445447
ZN,INDUS,DIS,RAD,TAX,-0.5375496934043325
ZN,INDUS,DIS,RAD,PTRATIO,-0.3737240519789278
ZN,INDUS,DIS,RAD,B,-0.10245559902418533
ZN,INDUS,DIS,RAD,LSTAT,0.01760989598431051
ZN,INDUS,DIS,TAX,PTRATIO,-0.1579589880329353
ZN,INDUS,DIS,TAX,B,-0.057317948785720496
ZN,INDUS,DIS,TAX,LSTAT,0.17648481453891285
ZN,INDUS,DIS,PTRATIO,B,0.0696477723122122
ZN,INDUS,DIS,PTRATIO,LSTAT,0.27083552698396973
ZN,INDUS,DIS,B,LSTAT,0.14524970929073555
ZN,INDUS,RAD,TAX,PTRATIO,-0.4290281119197128
ZN,INDUS,RAD,TAX,B,-0.18392615913801325
ZN,INDUS,RAD,TAX,LSTAT,-0.10646095583188653
ZN,INDUS,RAD,PTRATIO,B,0.18387352665968226
ZN,INDUS,RAD,PTRATIO,LSTAT,0.05448190062640457
ZN,INDUS,RAD,B,LSTAT,0.03857461282881092
ZN,INDUS,TAX,PTRATIO,B,0.1610378691532317
ZN,INDUS,TAX,PTRATIO,LSTAT,0.34768062602954886
ZN,INDUS,TAX,B,LSTAT,0.23411640074934337
ZN,INDUS,PTRATIO,B,LSTAT,0.16615858877337353
ZN,CHAS,NOX,RM,AGE,-1.196073395222922
ZN,CHAS,NOX,RM,DIS,-1.1644399276646342
ZN,CHAS,NOX,RM,RAD,-1.2096276237546317
ZN,CHAS,NOX,RM,TAX,-0.8142897630053265
ZN,CHAS,NOX,RM,PTRATIO,-0.5378111235529541
ZN,CHAS,NOX,RM,B,-1.5732173744223834
ZN,CHAS,NOX,RM,LSTAT,-0.44140297912482174
ZN,CHAS,NOX,AGE,DIS,-0.8642783519402759
ZN,CHAS,NOX,AGE,RAD,-0.30478022329152243
ZN,CHAS,NOX,AGE,TAX,0.08327009332289648
ZN,CHAS,NOX,AGE,PTRATIO,0.1441743165897339
ZN,CHAS,NOX,AGE,B,-0.10189770360359285
ZN,CHAS,NOX,AGE,LSTAT,0.07420497222480005
ZN,CHAS,NOX,DIS,RAD,-0.5327227463136266
ZN,CHAS,NOX,DIS,TAX,-0.09225066200939436
ZN,CHAS,NOX,DIS,PTRATIO,-0.0686173526336078
ZN,CHAS,NOX,DIS,B,-0.6001683628009697
ZN,CHAS,NOX,DIS,LSTAT,0.07306708407440754
ZN,CHAS,NOX,RAD,TAX,-0.19013529228165815
ZN,CHAS,NOX,RAD,PTRATIO,-0.2610649519918793
ZN,CHAS,NOX,RAD,B,0.11841168327672069
ZN,CHAS,NOX,RAD,LSTAT,0.049282328281937016
ZN,CHAS,NOX,TAX,PTRATIO,0.17475153334979243
ZN,CHAS,NOX,TAX,B,0.2565710856907033
ZN,CHAS,NOX,TAX,LSTAT,0.21216763926718873
ZN,CHAS,NOX,PTRATIO,B,0.30947238228515583
ZN,CHAS,NOX,PTRATIO,LSTAT,0.3874674806175089
ZN,CHAS,NOX,B,LSTAT,0.0970026453506051
ZN,CHAS,RM,AGE,DIS,-1.4410739672301527
ZN,CHAS,RM,AGE,RAD,-1.214587385917346
ZN,CHAS,RM,AGE,TAX,-0.8113164104026753
ZN,CHAS,RM,AGE,PTRATIO,-0.7193054962912822
ZN,CHAS,RM,AGE,B,-1.5001034458169364
ZN,CHAS,RM,AGE,LSTAT,-0.3439248097846601
ZN,CHAS,RM,DIS,RAD,-1.2290667055320594
ZN,CHAS,RM,DIS,TAX,-0.7658147558930912
ZN,CHAS,RM,DIS,PTRATIO,-1.1396385218736156
ZN,CHAS,RM,DIS,B,-1.5871285737628202
ZN,CHAS,RM,DIS,LSTAT,-0.4705069333876737
ZN,CHAS,RM,RAD,TAX,-1.1191062155779599
ZN,CHAS,RM,RAD,PTRATIO,-1.102076519255046
ZN,CHAS,RM,RAD,B,-1.313394724795661
ZN,CHAS,RM,RAD,LSTAT,-0.5726341652026341
ZN,CHAS,RM,TAX,PTRATIO,-0.6329706923245049
ZN,CHAS,RM,TAX,B,-0.9855986494380897
ZN,CHAS,RM,TAX,LSTAT,-0.2688357696409105
ZN,CHAS,RM,PTRATIO,B,-0.6324754494392579
ZN,CHAS,RM,PTRATIO,LSTAT,-0.003222803836864019
ZN,CHAS,RM,B,LSTAT,-0.4246093873559207
ZN,CHAS,AGE,DIS,RAD,-0.4811081302409719
ZN,CHAS,AGE,DIS,TAX,-0.07071610314416343
ZN,CHAS,AGE,DIS,PTRATIO,-0.5008413825454066
ZN,CHAS,AGE,DIS,B,-0.41974742293706013
ZN,CHAS,AGE,DIS,LSTAT,-0.0701222263012029
ZN,CHAS,AGE,RAD,TAX,-0.2042865195299597
ZN,CHAS,AGE,RAD,PTRATIO,-0.23095759321342668
ZN,CHAS,AGE,RAD,B,0.10909083899034966
ZN,CHAS,AGE,RAD,LSTAT,0.011830938925307732
ZN,CHAS,AGE,TAX,PTRATIO,0.1436196413277947
ZN,CHAS,AGE,TAX,B,0.24022107000884596
ZN,CHAS,AGE,TAX,LSTAT,0.18992524111216313
ZN,CHAS,AGE,PTRATIO,B,0.05894304161447117
ZN,CHAS,AGE,PTRATIO,LSTAT,0.2989100151529863
ZN,CHAS,AGE,B,LSTAT,0.09374960698697443
ZN,CHAS,DIS,RAD,TAX,-0.3308400111719543
ZN,CHAS,DIS,RAD,PTRATIO,-0.3447967803692671
ZN,CHAS,DIS,RAD,B,-0.331443514700988
ZN,CHAS,DIS,RAD,LSTAT,0.02895916774438867
ZN,CHAS,DIS,TAX,PTRATIO,-0.014134462735082343
ZN,CHAS,DIS,TAX,B,-0.11509547097319217
ZN,CHAS,DIS,TAX,LSTAT,0.20667367104410916
ZN,CHAS,DIS,PTRATIO,B,-0.2353240712578395
ZN,CHAS,DIS,PTRATIO,LSTAT,0.23487828562371926
ZN,CHAS,DIS,B,LSTAT,0.04521698796517415
ZN,CHAS,RAD,TAX,PTRATIO,-0.2785701464512851
ZN,CHAS,RAD,TAX,B,0.13506257051996795
ZN,CHAS,RAD,TAX,LSTAT,0.08931831818444924
ZN,CHAS,RAD,PTRATIO,B,-0.1788139297418272
ZN,CHAS,RAD,PTRATIO,LSTAT,0.16390949079075856
ZN,CHAS,RAD,B,LSTAT,0.197981806417172
ZN,CHAS,TAX,PTRATIO,B,-0.1598879448631223
ZN,CHAS,TAX,PTRATIO,LSTAT,0.3942715405139404
ZN,CHAS,TAX,B,LSTAT,0.32029623489622716
ZN,CHAS,PTRATIO,B,LSTAT,0.19884768548160636
ZN,NOX,RM,AGE,DIS,-1.3349081507375686
ZN,NOX,RM,AGE,RAD,-1.486670185895722
ZN,NOX,RM,AGE,TAX,-1.0127634483783488
ZN,NOX,RM,AGE,PTRATIO,-0.6877230295664583
ZN,NOX,RM,AGE,B,-1.7636705523280756
ZN,NOX,RM,AGE,LSTAT,-0.5465380766583008
ZN,NOX,RM,DIS,RAD,-1.3289359781095706
ZN,NOX,RM,DIS,TAX,-0.8555563976227958
ZN,NOX,RM,DIS,PTRATIO,-0.6197621327888603
ZN,NOX,RM,DIS,B,-1.9559255007630445
ZN,NOX,RM,DIS,LSTAT,-0.4478136019035086
ZN,NOX,RM,RAD,TAX,-1.3412629161860252
ZN,NOX,RM,RAD,PTRATIO,-1.1996904698547803
ZN,NOX,RM,RAD,B,-1.957480440522306
ZN,NOX,RM,RAD,LSTAT,-0.7665985611188268
ZN,NOX,RM,TAX,PTRATIO,-0.7130365941194832
ZN,NOX,RM,TAX,B,-1.255939157158803
ZN,NOX,RM,TAX,LSTAT,-0.4018402991730552
ZN,NOX,RM,PTRATIO,B,-0.6826925778783317
ZN,NOX,RM,PTRATIO,LSTAT,-0.14113687716556322
ZN,NOX,RM,B,LSTAT,-0.522907793517555
ZN,NOX,AGE,DIS,RAD,-0.8029907247185746
ZN,NOX,AGE,DIS,TAX,-0.1959763990993657
ZN,NOX,AGE,DIS,PTRATIO,-0.1550987221972131
ZN,NOX,AGE,DIS,B,-0.8104815016495202
ZN,NOX,AGE,DIS,LSTAT,-0.04365082673715204
ZN,NOX,AGE,RAD,TAX,-0.4346857648139246
ZN,NOX,AGE,RAD,PTRATIO,-0.5096265058337781
ZN,NOX,AGE,RAD,B,-0.07405077501554191
ZN,NOX,AGE,RAD,LSTAT,-0.12794795058144315
ZN,NOX,AGE,TAX,PTRATIO,0.08742467492756789
ZN,NOX,AGE,TAX,B,0.21816845800179185
ZN,NOX,AGE,TAX,LSTAT,0.10699219384648329
ZN,NOX,AGE,PTRATIO,B,0.301208289201894
ZN,NOX,AGE,PTRATIO,LSTAT,0.3071640873221524
ZN,NOX,AGE,B,LSTAT,-0.004100346125908816
ZN,NOX,DIS,RAD,TAX,-0.4583349890109727
ZN,NOX,DIS,RAD,PTRATIO,-0.6133362564584652
ZN,NOX,DIS,RAD,B,-0.42641951420075896
ZN,NOX,DIS,RAD,LSTAT,-0.07411148083738128
ZN,NOX,DIS,TAX,PTRATIO,-0.07662569839458366
ZN,NOX,DIS,TAX,B,0.036927912280040553
ZN,NOX,DIS,TAX,LSTAT,0.17628180398043403
ZN,NOX,DIS,PTRATIO,B,0.1667310620715029
ZN,NOX,DIS,PTRATIO,LSTAT,0.32763576980783427
ZN,NOX,DIS,B,LSTAT,0.08672328256642159
ZN,NOX,RAD,TAX,PTRATIO,-0.4200677894781564
ZN,NOX,RAD,TAX,B,-0.08254326046847926
ZN,NOX,RAD,TAX,LSTAT,-0.1360717216139653
ZN,NOX,RAD,PTRATIO,B,0.10968090684405818
ZN,NOX,RAD,PTRATIO,LSTAT,0.047723236001464664
ZN,NOX,RAD,B,LSTAT,0.011442934640095603
ZN,NOX,TAX,PTRATIO,B,0.2982161050994697
ZN,NOX,TAX,PTRATIO,LSTAT,0.3389733581772919
ZN,NOX,TAX,B,LSTAT,-0.029433724076025403
ZN,NOX,PTRATIO,B,LSTAT,0.083864699984183
ZN,RM,AGE,DIS,RAD,-1.351567218729452
ZN,RM,AGE,DIS,TAX,-0.8593015851133388
ZN,RM,AGE,DIS,PTRATIO,-1.0389213274404838
ZN,RM,AGE,DIS,B,-1.7284366170697103
ZN,RM,AGE,DIS,LSTAT,-0.5705493221194566
ZN,RM,AGE,RAD,TAX,-1.3460793160356928
ZN,RM,AGE,RAD,PTRATIO,-1.2573051070618968
ZN,RM,AGE,RAD,B,-1.8909040256054488
ZN,RM,AGE,RAD,LSTAT,-0.7204728478319617
ZN,RM,AGE,TAX,PTRATIO,-0.7497742195042412
ZN,RM,AGE,TAX,B,-1.3717092776553361
ZN,RM,AGE,TAX,LSTAT,-0.354788457198721
ZN,RM,AGE,PTRATIO,B,-0.6925020533675021
ZN,RM,AGE,PTRATIO,LSTAT,-0.09869305944352313
ZN,RM,AGE,B,LSTAT,-0.5089108683229926
ZN,RM,DIS,RAD,TAX,-1.2139537360418506
ZN,RM,DIS,RAD,PTRATIO,-1.2587178559991332
ZN,RM,DIS,RAD,B,-1.3097219574921954
ZN,RM,DIS,RAD,LSTAT,-0.5788074407850508
ZN,RM,DIS,TAX,PTRATIO,-0.7285194021713548
ZN,RM,DIS,TAX,B,-0.8946245629401546
ZN,RM,DIS,TAX,LSTAT,-0.21991069201223
ZN,RM,DIS,PTRATIO,B,-0.7991240957560877
ZN,RM,DIS,PTRATIO,LSTAT,-0.21773610231161267
ZN,RM,DIS,B,LSTAT,-0.4380960392415234
ZN,RM,RAD,TAX,PTRATIO,-1.1589415601315185
ZN,RM,RAD,TAX,B,-1.9967137634502747
ZN,RM,RAD,TAX,LSTAT,-0.7278120011148337
ZN,RM,RAD,PTRATIO,B,-0.9302414175367639
ZN,RM,RAD,PTRATIO,LSTAT,-0.5594873301395584
ZN,RM,RAD,B,LSTAT,-1.0349618780390553
ZN,RM,TAX,PTRATIO,B,-0.567155882664897
ZN,RM,TAX,PTRATIO,LSTAT,-0.1843120862005896
ZN,RM,TAX,B,LSTAT,-0.6163784147929745
ZN,RM,PTRATIO,B,LSTAT,0.034851662863409905
ZN,AGE,DIS,RAD,TAX,-0.45189928200311824
ZN,AGE,DIS,RAD,PTRATIO,-0.4911599803611608
ZN,AGE,DIS,RAD,B,-0.18318596934893216
ZN,AGE,DIS,RAD,LSTAT,-0.09801126116973213
ZN,AGE,DIS,TAX,PTRATIO,-0.012123887360799612
ZN,AGE,DIS,TAX,B,0.06021287701896305
ZN,AGE,DIS,TAX,LSTAT,0.13719112731789884
ZN,AGE,DIS,PTRATIO,B,-0.05731185665037275
ZN,AGE,DIS,PTRATIO,LSTAT,0.1747694036965448
ZN,AGE,DIS,B,LSTAT,-0.039956064776542455
ZN,AGE,RAD,TAX,PTRATIO,-0.41403617212517996
ZN,AGE,RAD,TAX,B,-0.06798323415333707
ZN,AGE,RAD,TAX,LSTAT,-0.11422697529849368
ZN,AGE,RAD,PTRATIO,B,0.06211661249323608
ZN,AGE,RAD,PTRATIO,LSTAT,0.03460024305096976
ZN,AGE,RAD,B,LSTAT,-0.002321921088284995
ZN,AGE,TAX,PTRATIO,B,0.05840708617418988
ZN,AGE,TAX,PTRATIO,LSTAT,0.27811281278204136
ZN,AGE,TAX,B,LSTAT,0.10171353427825636
ZN,AGE,PTRATIO,B,LSTAT,0.018968038266594434
ZN,DIS,RAD,TAX,PTRATIO,-0.4287938399442317
ZN,DIS,RAD,TAX,B,-0.010147615183412118
ZN,DIS,RAD,TAX,LSTAT,-0.017208507822560115
ZN,DIS,RAD,PTRATIO,B,-0.3030843221647741
ZN,DIS,RAD,PTRATIO,LSTAT,0.0664292961360522
ZN,DIS,RAD,B,LSTAT,0.017859106013410675
ZN,DIS,TAX,PTRATIO,B,-0.28323455735961467
ZN,DIS,TAX,PTRATIO,LSTAT,0.28195569908881546
ZN,DIS,TAX,B,LSTAT,0.10606678017713989
ZN,DIS,PTRATIO,B,LSTAT,0.05907430738671915
ZN,RAD,TAX,PTRATIO,B,0.11483117048222657
ZN,RAD,TAX,PTRATIO,LSTAT,0.0003407706170692748
ZN,RAD,TAX,B,LSTAT,-0.07910679047137603
ZN,RAD,PTRATIO,B,LSTAT,0.21582386409628773
ZN,TAX,PTRATIO,B,LSTAT,0.24651035403501498
INDUS,CHAS,NOX,RM,AGE,-1.1132601422760726
INDUS,CHAS,NOX,RM,DIS,-0.9707652382116125
INDUS,CHAS,NOX,RM,RAD,-1.1450113374922495
INDUS,CHAS,NOX,RM,TAX,-0.8423160738267892
INDUS,CHAS,NOX,RM,PTRATIO,-0.5377591696764767
INDUS,CHAS,NOX,RM,B,-1.508503606796653
INDUS,CHAS,NOX,RM,LSTAT,-0.4303220354814774
INDUS,CHAS,NOX,AGE,DIS,-0.2751327805481074
INDUS,CHAS,NOX,AGE,RAD,-0.1240619250707451
INDUS,CHAS,NOX,AGE,TAX,0.034734706249485825
INDUS,CHAS,NOX,AGE,PTRATIO,0.19010333803045076
INDUS,CHAS,NOX,AGE,B,0.10208721412547561
INDUS,CHAS,NOX,AGE,LSTAT,0.13634204979574238
INDUS,CHAS,NOX,DIS,RAD,-0.18058741951926072
INDUS,CHAS,NOX,DIS,TAX,-0.06885278060042777
INDUS,CHAS,NOX,DIS,PTRATIO,0.12382162807084462
INDUS,CHAS,NOX,DIS,B,-0.14545641215044647
INDUS,CHAS,NOX,DIS,LSTAT,0.1841528241821917
INDUS,CHAS,NOX,RAD,TAX,-0.15264564966830618
INDUS,CHAS,NOX,RAD,PTRATIO,-0.15674827126781143
INDUS,CHAS,NOX,RAD,B,0.16878114287855683
INDUS,CHAS,NOX,RAD,LSTAT,0.08132250122988982
INDUS,CHAS,NOX,TAX,PTRATIO,0.17746289619264033
INDUS,CHAS,NOX,TAX,B,0.22441824828260348
INDUS,CHAS,NOX,TAX,LSTAT,0.20374182414293496
INDUS,CHAS,NOX,PTRATIO,B,0.31028179124932576
INDUS,CHAS,NOX,PTRATIO,LSTAT,0.3879258609276022
INDUS,CHAS,NOX,B,LSTAT,0.12288855371544649
INDUS,CHAS,RM,AGE,DIS,-1.0426547216762154
INDUS,CHAS,RM,AGE,RAD,-1.162641934665976
INDUS,CHAS,RM,AGE,TAX,-0.83468614608764
INDUS,CHAS,RM,AGE,PTRATIO,-0.6613007413083534
INDUS,CHAS,RM,AGE,B,-1.455869479135226
INDUS,CHAS,RM,AGE,LSTAT,-0.37462368932377865
INDUS,CHAS,RM,DIS,RAD,-1.045458881533461
INDUS,CHAS,RM,DIS,TAX,-0.8216517718402847
INDUS,CHAS,RM,DIS,PTRATIO,-0.7324228100064512
INDUS,CHAS,RM,DIS,B,-1.396926834872961
INDUS,CHAS,RM,DIS,LSTAT,-0.3231299170707338
INDUS,CHAS,RM,RAD,TAX,-1.117909302718925
INDUS,CHAS,RM,RAD,PTRATIO,-0.9734484323419954
INDUS,CHAS,RM,RAD,B,-1.436053546179294
INDUS,CHAS,RM,RAD,LSTAT,-0.5948269593500535
INDUS,CHAS,RM,TAX,PTRATIO,-0.614245035119374
INDUS,CHAS,RM,TAX,B,-1.0991039665190767
INDUS,CHAS,RM,TAX,LSTAT,-0.2976040474044579
INDUS,CHAS,RM,PTRATIO,B,-0.5430992941766493
INDUS,CHAS,RM,PTRATIO,LSTAT,-0.07353809747818585
INDUS,CHAS,RM,B,LSTAT,-0.4450349627837591
INDUS,CHAS,AGE,DIS,RAD,-0.2154787466836603
INDUS,CHAS,AGE,DIS,TAX,-0.11999149687677635
INDUS,CHAS,AGE,DIS,PTRATIO,-0.04418419535960494
INDUS,CHAS,AGE,DIS,B,-0.05022548139881944
INDUS,CHAS,AGE,DIS,LSTAT,0.14742179990400417
INDUS,CHAS,AGE,RAD,TAX,-0.1514816059712889
INDUS,CHAS,AGE,RAD,PTRATIO,-0.12107869697458873
INDUS,CHAS,AGE,RAD,B,0.1886346748665214
INDUS,CHAS,AGE,RAD,LSTAT,0.06394403255905434
INDUS,CHAS,AGE,TAX,PTRATIO,0.12088301603391416
INDUS,CHAS,AGE,TAX,B,0.25334897872342066
INDUS,CHAS,AGE,TAX,LSTAT,0.19423500025083007
INDUS,CHAS,AGE,PTRATIO,B,0.20166853100673088
INDUS,CHAS,AGE,PTRATIO,LSTAT,0.32900000666673745
INDUS,CHAS,AGE,B,LSTAT,0.15211628532748067
INDUS,CHAS,DIS,RAD,TAX,-0.26413058766588215
INDUS,CHAS,DIS,RAD,PTRATIO,-0.16705526452238706
INDUS,CHAS,DIS,RAD,B,0.06490432897093612
INDUS,CHAS,DIS,RAD,LSTAT,0.11651692956958637
INDUS,CHAS,DIS,TAX,PTRATIO,-0.0347996968389086
INDUS,CHAS,DIS,TAX,B,0.05888985289372006
INDUS,CHAS,DIS,TAX,LSTAT,0.2053382610840524
INDUS,CHAS,DIS,PTRATIO,B,0.06950610471473939
INDUS,CHAS,DIS,PTRATIO,LSTAT,0.343577235224937
INDUS,CHAS,DIS,B,LSTAT,0.19156620862719098
INDUS,CHAS,RAD,TAX,PTRATIO,-0.24739933595356667
INDUS,CHAS,RAD,TAX,B,0.0770083133156878
INDUS,CHAS,RAD,TAX,LSTAT,0.05254014299781262
INDUS,CHAS,RAD,PTRATIO,B,0.20420081461110517
INDUS,CHAS,RAD,PTRATIO,LSTAT,0.17862085934678928
INDUS,CHAS,RAD,B,LSTAT,0.19059518213409066
INDUS,CHAS,TAX,PTRATIO,B,0.09264448317635221
INDUS,CHAS,TAX,PTRATIO,LSTAT,0.39347362537444397
INDUS,CHAS,TAX,B,LSTAT,0.27505169045666755
INDUS,CHAS,PTRATIO,B,LSTAT,0.15756838534529405
INDUS,NOX,RM,AGE,DIS,-1.1773141804431826
INDUS,NOX,RM,AGE,RAD,-1.4509911748320405
INDUS,NOX,RM,AGE,TAX,-1.0408434615596942
INDUS,NOX,RM,AGE,PTRATIO,-0.7202403391644194
INDUS,NOX,RM,AGE,B,-1.7208162519998522
INDUS,NOX,RM,AGE,LSTAT,-0.5527626141923709
INDUS,NOX,RM,DIS,RAD,-1.2733134799693375
INDUS,NOX,RM,DIS,TAX,-0.9646799829218069
INDUS,NOX,RM,DIS,PTRATIO,-0.5193039204717256
INDUS,NOX,RM,DIS,B,-1.8376512374791014
INDUS,NOX,RM,DIS,LSTAT,-0.4117845185712645
INDUS,NOX,RM,RAD,TAX,-1.3567336038073194
INDUS,NOX,RM,RAD,PTRATIO,-1.2154873256666097
INDUS,NOX,RM,RAD,B,-1.99568070794371
INDUS,NOX,RM,RAD,LSTAT,-0.7733491435646382
INDUS,NOX,RM,TAX,PTRATIO,-0.7150927347555893
INDUS,NOX,RM,TAX,B,-1.389722579600897
INDUS,NOX,RM,TAX,LSTAT,-0.42532464853019647
INDUS,NOX,RM,PTRATIO,B,-0.6909584521637999
INDUS,NOX,RM,PTRATIO,LSTAT,-0.17210849013415186
INDUS,NOX,RM,B,LSTAT,-0.5426065951195462
INDUS,NOX,AGE,DIS,RAD,-0.458960717855603
INDUS,NOX,AGE,DIS,TAX,-0.23302553255805192
INDUS,NOX,AGE,DIS,PTRATIO,0.06227868293301597
INDUS,NOX,AGE,DIS,B,-0.3451699566647901
INDUS,NOX,AGE,DIS,LSTAT,0.08043263548458612
INDUS,NOX,AGE,RAD,TAX,-0.41023983667768404
INDUS,NOX,AGE,RAD,PTRATIO,-0.40346535756723734
INDUS,NOX,AGE,RAD,B,-0.007368587665695037
INDUS,NOX,AGE,RAD,LSTAT,-0.0833519538579417
INDUS,NOX,AGE,TAX,PTRATIO,0.09094986905888591
INDUS,NOX,AGE,TAX,B,0.16794387362042995
INDUS,NOX,AGE,TAX,LSTAT,0.10369550799749816
INDUS,NOX,AGE,PTRATIO,B,0.31621647747034853
INDUS,NOX,AGE,PTRATIO,LSTAT,0.3216704066489532
INDUS,NOX,AGE,B,LSTAT,0.03963256644459112
INDUS,NOX,DIS,RAD,TAX,-0.3981932368619545
INDUS,NOX,DIS,RAD,PTRATIO,-0.40206272458655357
INDUS,NOX,DIS,RAD,B,-0.2684261036659712
INDUS,NOX,DIS,RAD,LSTAT,-0.011040879903030154
INDUS,NOX,DIS,TAX,PTRATIO,-0.023569701801813503
INDUS,NOX,DIS,TAX,B,-0.052760936136477365
INDUS,NOX,DIS,TAX,LSTAT,0.14328651521532898
INDUS,NOX,DIS,PTRATIO,B,0.2776018385648573
INDUS,NOX,DIS,PTRATIO,LSTAT,0.3819545468090635
INDUS,NOX,DIS,B,LSTAT,0.14683471419391836
INDUS,NOX,RAD,TAX,PTRATIO,-0.4049154501857406
INDUS,NOX,RAD,TAX,B,-0.14315950150196977
INDUS,NOX,RAD,TAX,LSTAT,-0.12718401124520717
INDUS,NOX,RAD,PTRATIO,B,0.15332137809915025
INDUS,NOX,RAD,PTRATIO,LSTAT,0.03985053659430415
INDUS,NOX,RAD,B,LSTAT,0.03604604372183673
INDUS,NOX,TAX,PTRATIO,B,0.3189938717811531
INDUS,NOX,TAX,PTRATIO,LSTAT,0.3377043445340957
INDUS,NOX,TAX,B,LSTAT,0.007839185454662667
INDUS,NOX,PTRATIO,B,LSTAT,0.07978829342490201
INDUS,RM,AGE,DIS,RAD,-1.246579699796535
INDUS,RM,AGE,DIS,TAX,-0.9431066251374656
INDUS,RM,AGE,DIS,PTRATIO,-0.7730768311808887
INDUS,RM,AGE,DIS,B,-1.6344319311335722
INDUS,RM,AGE,DIS,LSTAT,-0.45499602297454445
INDUS,RM,AGE,RAD,TAX,-1.3862240687863547
INDUS,RM,AGE,RAD,PTRATIO,-1.2192342506634595
INDUS,RM,AGE,RAD,B,-1.956105054061224
INDUS,RM,AGE,RAD,LSTAT,-0.7516866173677661
INDUS,RM,AGE,TAX,PTRATIO,-0.7460343313562319
INDUS,RM,AGE,TAX,B,-1.4188176717969414
INDUS,RM,AGE,TAX,LSTAT,-0.4053405992854404
INDUS,RM,AGE,PTRATIO,B,-0.6970993447934772
INDUS,RM,AGE,PTRATIO,LSTAT,-0.14789629152741668
INDUS,RM,AGE,B,LSTAT,-0.5549284927970792
INDUS,RM,DIS,RAD,TAX,-1.2495093974585627
INDUS,RM,DIS,RAD,PTRATIO,-1.085121422725483
INDUS,RM,DIS,RAD,B,-1.5538182365883366
INDUS,RM,DIS,RAD,LSTAT,-0.575615523970141
INDUS,RM,DIS,TAX,PTRATIO,-0.718887502408825
INDUS,RM,DIS,TAX,B,-1.2235389404058044
INDUS,RM,DIS,TAX,LSTAT,-0.31598740720325935
INDUS,RM,DIS,PTRATIO,B,-0.6492117301816969
INDUS,RM,DIS,PTRATIO,LSTAT,-0.10597683175938877
INDUS,RM,DIS,B,LSTAT,-0.4455641232799228
INDUS,RM,RAD,TAX,PTRATIO,-1.1443274654666369
INDUS,RM,RAD,TAX,B,-1.9681445068456775
INDUS,RM,RAD,TAX,LSTAT,-0.7618212227226488
INDUS,RM,RAD,PTRATIO,B,-1.0112784057532433
INDUS,RM,RAD,PTRATIO,LSTAT,-0.5811683101611016
INDUS,RM,RAD,B,LSTAT,-0.9671611396214002
INDUS,RM,TAX,PTRATIO,B,-0.5962642936658997
INDUS,RM,TAX,PTRATIO,LSTAT,-0.19434156940151848
INDUS,RM,TAX,B,LSTAT,-0.5243294491529864
INDUS,RM,PTRATIO,B,LSTAT,0.00286796503382869
INDUS,AGE,DIS,RAD,TAX,-0.4383504806811598
INDUS,AGE,DIS,RAD,PTRATIO,-0.31481609639399544
INDUS,AGE,DIS,RAD,B,-0.07647633298971601
INDUS,AGE,DIS,RAD,LSTAT,-0.015882057870487243
INDUS,AGE,DIS,TAX,PTRATIO,-0.05145155760323128
INDUS,AGE,DIS,TAX,B,0.020062648347522694
INDUS,AGE,DIS,TAX,LSTAT,0.12811665750236845
INDUS,AGE,DIS,PTRATIO,B,0.1715247341090297
INDUS,AGE,DIS,PTRATIO,LSTAT,0.3014812073783055
INDUS,AGE,DIS,B,LSTAT,0.11547373891844503
INDUS,AGE,RAD,TAX,PTRATIO,-0.400898091035194
INDUS,AGE,RAD,TAX,B,-0.15587366566145366
INDUS,AGE,RAD,TAX,LSTAT,-0.11408116977223459
INDUS,AGE,RAD,PTRATIO,B,0.20911652007120918
INDUS,AGE,RAD,PTRATIO,LSTAT,0.06913205878184103
INDUS,AGE,RAD,B,LSTAT,0.02574268675287894
INDUS,AGE,TAX,PTRATIO,B,0.19555545844041022
INDUS,AGE,TAX,PTRATIO,LSTAT,0.291562372120447
INDUS,AGE,TAX,B,LSTAT,0.10423459175027106
INDUS,AGE,PTRATIO,B,LSTAT,0.010008368859327432
INDUS,DIS,RAD,TAX,PTRATIO,-0.40233942755486685
INDUS,DIS,RAD,TAX,B,-0.12520248314877636
INDUS,DIS,RAD,TAX,LSTAT,-0.03236466834763774
INDUS,DIS,RAD,PTRATIO,B,0.11217688509978585
INDUS,DIS,RAD,PTRATIO,LSTAT,0.13810704345038138
INDUS,DIS,RAD,B,LSTAT,0.10124536198403322
INDUS,DIS,TAX,PTRATIO,B,0.02873904931831539
INDUS,DIS,TAX,PTRATIO,LSTAT,0.31142857655916834
INDUS,DIS,TAX,B,LSTAT,0.15513868657797547
INDUS,DIS,PTRATIO,B,LSTAT,0.12795526331998075
INDUS,RAD,TAX,PTRATIO,B,0.1024974945010716
INDUS,RAD,TAX,PTRATIO,LSTAT,-0.01609657772030837
INDUS,RAD,TAX,B,LSTAT,-0.03442823328225453
INDUS,RAD,PTRATIO,B,LSTAT,0.21162090931482658
INDUS,TAX,PTRATIO,B,LSTAT,0.19212959976389887
CHAS,NOX,RM,AGE,DIS,-1.1396530023015963
CHAS,NOX,RM,AGE,RAD,-1.2241327706703964
CHAS,NOX,RM,AGE,TAX,-0.8554176727314431
CHAS,NOX,RM,AGE,PTRATIO,-0.5587117384906404
CHAS,NOX,RM,AGE,B,-1.5353125558169096
CHAS,NOX,RM,AGE,LSTAT,-0.42255783508190925
CHAS,NOX,RM,DIS,RAD,-1.1785756048573428
CHAS,NOX,RM,DIS,TAX,-0.8350219816016233
CHAS,NOX,RM,DIS,PTRATIO,-0.4318912423041008
CHAS,NOX,RM,DIS,B,-1.789653440597379
CHAS,NOX,RM,DIS,LSTAT,-0.3590014785164357
CHAS,NOX,RM,RAD,TAX,-1.142808547724909
CHAS,NOX,RM,RAD,PTRATIO,-0.9860801057576285
CHAS,NOX,RM,RAD,B,-1.739399004744115
CHAS,NOX,RM,RAD,LSTAT,-0.5887450899013531
CHAS,NOX,RM,TAX,PTRATIO,-0.5631871536510569
CHAS,NOX,RM,TAX,B,-1.1883751595627339
CHAS,NOX,RM,TAX,LSTAT,-0.29749598811280675
CHAS,NOX,RM,PTRATIO,B,-0.5410767144726298
CHAS,NOX,RM,PTRATIO,LSTAT,-0.0572529567978759
CHAS,NOX,RM,B,LSTAT,-0.40099711682383243
CHAS,NOX,AGE,DIS,RAD,-0.4324356652098085
CHAS,NOX,AGE,DIS,TAX,-0.02108202923510394
CHAS,NOX,AGE,DIS,PTRATIO,0.07554911736560532
CHAS,NOX,AGE,DIS,B,-0.4029325195618483
CHAS,NOX,AGE,DIS,LSTAT,0.062033452029638836
CHAS,NOX,AGE,RAD,TAX,-0.13286872252781334
CHAS,NOX,AGE,RAD,PTRATIO,-0.2621868095940485
CHAS,NOX,AGE,RAD,B,0.13181805775186506
CHAS,NOX,AGE,RAD,LSTAT,-0.001458802566256523
CHAS,NOX,AGE,TAX,PTRATIO,0.177925518550196
CHAS,NOX,AGE,TAX,B,0.32088685820762675
CHAS,NOX,AGE,TAX,LSTAT,0.16337538871884538
CHAS,NOX,AGE,PTRATIO,B,0.3145996036646834
CHAS,NOX,AGE,PTRATIO,LSTAT,0.3526573400396482
CHAS,NOX,AGE,B,LSTAT,0.06294181806291466
CHAS,NOX,DIS,RAD,TAX,-0.1836480222774366
CHAS,NOX,DIS,RAD,PTRATIO,-0.3802699886264833
CHAS,NOX,DIS,RAD,B,-0.13281242515769032
CHAS,NOX,DIS,RAD,LSTAT,0.013255399495722076
CHAS,NOX,DIS,TAX,PTRATIO,0.031053752991098027
CHAS,NOX,DIS,TAX,B,0.18509780990189695
CHAS,NOX,DIS,TAX,LSTAT,0.18645632809094825
CHAS,NOX,DIS,PTRATIO,B,0.26423154938216686
CHAS,NOX,DIS,PTRATIO,LSTAT,0.39936724957487113
CHAS,NOX,DIS,B,LSTAT,0.1248402112800675
CHAS,NOX,RAD,TAX,PTRATIO,-0.22063806906408345
CHAS,NOX,RAD,TAX,B,0.11815612847646328
CHAS,NOX,RAD,TAX,LSTAT,0.002509805630288131
CHAS,NOX,RAD,PTRATIO,B,0.23959173371118347
CHAS,NOX,RAD,PTRATIO,LSTAT,0.17386291877082505
CHAS,NOX,RAD,B,LSTAT,0.08928252219451849
CHAS,NOX,TAX,PTRATIO,B,0.3039329081645996
CHAS,NOX,TAX,PTRATIO,LSTAT,0.3851152146216177
CHAS,NOX,TAX,B,LSTAT,0.02740330274295444
CHAS,NOX,PTRATIO,B,LSTAT,0.08688714845872036
CHAS,RM,AGE,DIS,RAD,-1.1905980198679686
CHAS,RM,AGE,DIS,TAX,-0.8218178514273744
CHAS,RM,AGE,DIS,PTRATIO,-0.8651018564075188
CHAS,RM,AGE,DIS,B,-1.56036103922674
CHAS,RM,AGE,DIS,LSTAT,-0.4829050616800352
CHAS,RM,AGE,RAD,TAX,-1.134017051109721
CHAS,RM,AGE,RAD,PTRATIO,-1.0532146627842427
CHAS,RM,AGE,RAD,B,-1.5356964811352158
CHAS,RM,AGE,RAD,LSTAT,-0.5667429604410947
CHAS,RM,AGE,TAX,PTRATIO,-0.6077060828722385
CHAS,RM,AGE,TAX,B,-1.1360321935939832
CHAS,RM,AGE,TAX,LSTAT,-0.26711280894322464
CHAS,RM,AGE,PTRATIO,B,-0.5623848749337295
CHAS,RM,AGE,PTRATIO,LSTAT,-0.03875036218025851
CHAS,RM,AGE,B,LSTAT,-0.3934321065756745
CHAS,RM,DIS,RAD,TAX,-1.1720130632408576
CHAS,RM,DIS,RAD,PTRATIO,-1.124314598522357
CHAS,RM,DIS,RAD,B,-1.2357687377192046
CHAS,RM,DIS,RAD,LSTAT,-0.5241377267898686
CHAS,RM,DIS,TAX,PTRATIO,-0.6657542342995737
CHAS,RM,DIS,TAX,B,-0.9287292994723124
CHAS,RM,DIS,TAX,LSTAT,-0.2404500814267807
CHAS,RM,DIS,PTRATIO,B,-0.6252476377526737
CHAS,RM,DIS,PTRATIO,LSTAT,-0.118817613084375
CHAS,RM,DIS,B,LSTAT,-0.3884793148392691
CHAS,RM,RAD,TAX,PTRATIO,-1.0193239167982058
CHAS,RM,RAD,TAX,B,-1.5467419431518818
CHAS,RM,RAD,TAX,LSTAT,-0.5418694934234396
CHAS,RM,RAD,PTRATIO,B,-0.6881471087731383
CHAS,RM,RAD,PTRATIO,LSTAT,-0.4153544216242089
CHAS,RM,RAD,B,LSTAT,-0.719491393268483
CHAS,RM,TAX,PTRATIO,B,-0.401539051695069
CHAS,RM,TAX,PTRATIO,LSTAT,-0.08038577815653891
CHAS,RM,TAX,B,LSTAT,-0.39244061472084146
CHAS,RM,PTRATIO,B,LSTAT,0.10078894092163326
CHAS,AGE,DIS,RAD,TAX,-0.19850142096950152
CHAS,AGE,DIS,RAD,PTRATIO,-0.25123018716639933
CHAS,AGE,DIS,RAD,B,-0.03837183003766942
CHAS,AGE,DIS,RAD,LSTAT,-0.024184722658524782
CHAS,AGE,DIS,TAX,PTRATIO,0.1178708341127126
CHAS,AGE,DIS,TAX,B,0.1644396904883878
CHAS,AGE,DIS,TAX,LSTAT,0.1502620799212382
CHAS,AGE,DIS,PTRATIO,B,-0.04062728703698659
CHAS,AGE,DIS,PTRATIO,LSTAT,0.27075806258639445
CHAS,AGE,DIS,B,LSTAT,-0.01574226284221325
CHAS,AGE,RAD,TAX,PTRATIO,-0.22005780715772683
CHAS,AGE,RAD,TAX,B,0.21736069567494465
CHAS,AGE,RAD,TAX,LSTAT,-0.0016137493071139986
CHAS,AGE,RAD,PTRATIO,B,0.04454479046522719
CHAS,AGE,RAD,PTRATIO,LSTAT,0.12997783742309443
CHAS,AGE,RAD,B,LSTAT,0.04718291676375319
CHAS,AGE,TAX,PTRATIO,B,-0.04064173869200771
CHAS,AGE,TAX,PTRATIO,LSTAT,0.3139945004015724
CHAS,AGE,TAX,B,LSTAT,0.09086668382049001
CHAS,AGE,PTRATIO,B,LSTAT,-0.03394521829558217
CHAS,DIS,RAD,TAX,PTRATIO,-0.24924241170726713
CHAS,DIS,RAD,TAX,B,0.17460435746664882
CHAS,DIS,RAD,TAX,LSTAT,0.02373239612464839
CHAS,DIS,RAD,PTRATIO,B,-0.3734534800757985
CHAS,DIS,RAD,PTRATIO,LSTAT,0.14359657030710282
CHAS,DIS,RAD,B,LSTAT,0.003145008960663276
CHAS,DIS,TAX,PTRATIO,B,-0.4513254616491147
CHAS,DIS,TAX,PTRATIO,LSTAT,0.3150261951499578
CHAS,DIS,TAX,B,LSTAT,0.051251267330382655
CHAS,DIS,PTRATIO,B,LSTAT,-0.03560853041445955
CHAS,RAD,TAX,PTRATIO,B,0.05464964051020904
CHAS,RAD,TAX,PTRATIO,LSTAT,0.1063919202320951
CHAS,RAD,TAX,B,LSTAT,0.12772613387662435
CHAS,RAD,PTRATIO,B,LSTAT,0.26160455352381573
CHAS,TAX,PTRATIO,B,LSTAT,0.2320494056324569
NOX,RM,AGE,DIS,RAD,-1.379503320634755
NOX,RM,AGE,DIS,TAX,-0.9744509063680733
NOX,RM,AGE,DIS,PTRATIO,-0.5714421126900067
NOX,RM,AGE,DIS,B,-1.9118114413267873
NOX,RM,AGE,DIS,LSTAT,-0.49885950951654734
NOX,RM,AGE,RAD,TAX,-1.3805889838008278
NOX,RM,AGE,RAD,PTRATIO,-1.208823415313958
NOX,RM,AGE,RAD,B,-1.959955991494637
NOX,RM,AGE,RAD,LSTAT,-0.7506602162706364
NOX,RM,AGE,TAX,PTRATIO,-0.7222090103867658
NOX,RM,AGE,TAX,B,-1.3075343511928077
NOX,RM,AGE,TAX,LSTAT,-0.40467401945007553
NOX,RM,AGE,PTRATIO,B,-0.6894513834433256
NOX,RM,AGE,PTRATIO,LSTAT,-0.09653477137038502
NOX,RM,AGE,B,LSTAT,-0.5237109691205479
NOX,RM,DIS,RAD,TAX,-1.2882739510629522
NOX,RM,DIS,RAD,PTRATIO,-1.0848099074847184
NOX,RM,DIS,RAD,B,-2.1829814580047002
NOX,RM,DIS,RAD,LSTAT,-0.6484882909171994
NOX,RM,DIS,TAX,PTRATIO,-0.6342101703339327
NOX,RM,DIS,TAX,B,-1.529435199002168
NOX,RM,DIS,TAX,LSTAT,-0.33297151785889345
NOX,RM,DIS,PTRATIO,B,-0.6770071002568576
NOX,RM,DIS,PTRATIO,LSTAT,0.014129580760311122
NOX,RM,DIS,B,LSTAT,-0.546160059082357
NOX,RM,RAD,TAX,PTRATIO,-1.125227347791387
NOX,RM,RAD,TAX,B,-2.1489629123321055
NOX,RM,RAD,TAX,LSTAT,-0.7154308632358164
NOX,RM,RAD,PTRATIO,B,-1.4185077203695693
NOX,RM,RAD,PTRATIO,LSTAT,-0.5644423089462056
NOX,RM,RAD,B,LSTAT,-0.7925306277975159
NOX,RM,TAX,PTRATIO,B,-0.7216699154690718
NOX,RM,TAX,PTRATIO,LSTAT,-0.1908400653345661
NOX,RM,TAX,B,LSTAT,-0.3598513176299394
NOX,RM,PTRATIO,B,LSTAT,0.008330189103023966
NOX,AGE,DIS,RAD,TAX,-0.43093124182505216
NOX,AGE,DIS,RAD,PTRATIO,-0.5749065317607576
NOX,AGE,DIS,RAD,B,-0.3425772355017491
NOX,AGE,DIS,RAD,LSTAT,-0.13809379505877617
NOX,AGE,DIS,TAX,PTRATIO,-0.037590730401154904
NOX,AGE,DIS,TAX,B,0.10349527932752878
NOX,AGE,DIS,TAX,LSTAT,0.10172330352973424
NOX,AGE,DIS,PTRATIO,B,0.2726446296865189
NOX,AGE,DIS,PTRATIO,LSTAT,0.35354290817446055
NOX,AGE,DIS,B,LSTAT,0.033652153281375274
NOX,AGE,RAD,TAX,PTRATIO,-0.41849697884820625
NOX,AGE,RAD,TAX,B,-0.05737108268697799
NOX,AGE,RAD,TAX,LSTAT,-0.12981741946529568
NOX,AGE,RAD,PTRATIO,B,0.10621114954995503
NOX,AGE,RAD,PTRATIO,LSTAT,0.03535620454734023
NOX,AGE,RAD,B,LSTAT,-0.034415150066920974
NOX,AGE,TAX,PTRATIO,B,0.3075450499024621
NOX,AGE,TAX,PTRATIO,LSTAT,0.3066358110353946
NOX,AGE,TAX,B,LSTAT,-0.015557569698749774
NOX,AGE,PTRATIO,B,LSTAT,0.05803000290459004
NOX,DIS,RAD,TAX,PTRATIO,-0.43280498030658276
NOX,DIS,RAD,TAX,B,-0.2708909891472491
NOX,DIS,RAD,TAX,LSTAT,-0.05846211520761635
NOX,DIS,RAD,PTRATIO,B,-0.10156083698706064
NOX,DIS,RAD,PTRATIO,LSTAT,0.07502373015661945
NOX,DIS,RAD,B,LSTAT,0.007466048364324185
NOX,DIS,TAX,PTRATIO,B,0.2355753885343227
NOX,DIS,TAX,PTRATIO,LSTAT,0.3346084220737303
NOX,DIS,TAX,B,LSTAT,0.1045348553286164
NOX,DIS,PTRATIO,B,LSTAT,0.25366141132038533
NOX,RAD,TAX,PTRATIO,B,0.047229442563334056
NOX,RAD,TAX,PTRATIO,LSTAT,-0.005399961047945379
NOX,RAD,TAX,B,LSTAT,-0.008962659169960085
NOX,RAD,PTRATIO,B,LSTAT,0.22607331679036957
NOX,TAX,PTRATIO,B,LSTAT,0.10253934283384436
RM,AGE,DIS,RAD,TAX,-1.270543338760175
RM,AGE,DIS,RAD,PTRATIO,-1.193866501230851
RM,AGE,DIS,RAD,B,-1.6036363572604042
RM,AGE,DIS,RAD,LSTAT,-0.680405890389286
RM,AGE,DIS,TAX,PTRATIO,-0.7137202207444768
RM,AGE,DIS,TAX,B,-1.1944493835274312
RM,AGE,DIS,TAX,LSTAT,-0.3489456805400346
RM,AGE,DIS,PTRATIO,B,-0.7052694241931341
RM,AGE,DIS,PTRATIO,LSTAT,-0.17606005342568243
RM,AGE,DIS,B,LSTAT,-0.5375557143421352
RM,AGE,RAD,TAX,PTRATIO,-1.1595874621036248
RM,AGE,RAD,TAX,B,-2.1570989882525407
RM,AGE,RAD,TAX,LSTAT,-0.6765147628295936
RM,AGE,RAD,PTRATIO,B,-1.1070910428315925
RM,AGE,RAD,PTRATIO,LSTAT,-0.5258542159490514
RM,AGE,RAD,B,LSTAT,-0.851942664741224
RM,AGE,TAX,PTRATIO,B,-0.6416058159533273
RM,AGE,TAX,PTRATIO,LSTAT,-0.15310978096146743
RM,AGE,TAX,B,LSTAT,-0.46177260231136796
RM,AGE,PTRATIO,B,LSTAT,0.05267673633965397
RM,DIS,RAD,TAX,PTRATIO,-1.1441037522817448
RM,DIS,RAD,TAX,B,-1.7134045393367225
RM,DIS,RAD,TAX,LSTAT,-0.582481799938551
RM,DIS,RAD,PTRATIO,B,-0.8302685004556591
RM,DIS,RAD,PTRATIO,LSTAT,-0.4598632913985752
RM,DIS,RAD,B,LSTAT,-0.5903871195173775
RM,DIS,TAX,PTRATIO,B,-0.4678410574007661
RM,DIS,TAX,PTRATIO,LSTAT,-0.11688896902107149
RM,DIS,TAX,B,LSTAT,-0.29178265942914217
RM,DIS,PTRATIO,B,LSTAT,0.05992959445310597
RM,RAD,TAX,PTRATIO,B,-1.1116521312067933
RM,RAD,TAX,PTRATIO,LSTAT,-0.5427832113015096
RM,RAD,TAX,B,LSTAT,-1.2447799193755151
RM,RAD,PTRATIO,B,LSTAT,-0.40995158686437927
RM,TAX,PTRATIO,B,LSTAT,-0.06786786873063111
AGE,DIS,RAD,TAX,PTRATIO,-0.35323823232925466
AGE,DIS,RAD,TAX,B,0.06839299909335705
AGE,DIS,RAD,TAX,LSTAT,-0.08579039020291046
AGE,DIS,RAD,PTRATIO,B,-0.05093562639436988
AGE,DIS,RAD,PTRATIO,LSTAT,0.05721768689300899
AGE,DIS,RAD,B,LSTAT,-0.06477228965185922
AGE,DIS,TAX,PTRATIO,B,-0.06710642685809454
AGE,DIS,TAX,PTRATIO,LSTAT,0.27762547139022975
AGE,DIS,TAX,B,LSTAT,0.019210540898335404
AGE,DIS,PTRATIO,B,LSTAT,-0.04700082888251944
AGE,RAD,TAX,PTRATIO,B,0.1679127664481268
AGE,RAD,TAX,PTRATIO,LSTAT,-0.01365827003262332
AGE,RAD,TAX,B,LSTAT,-0.024842079951149065
AGE,RAD,PTRATIO,B,LSTAT,0.07841901030071075
AGE,TAX,PTRATIO,B,LSTAT,-0.0028920459639560914
DIS,RAD,TAX,PTRATIO,B,0.06924121974029485
DIS,RAD,TAX,PTRATIO,LSTAT,0.045916264823459785
DIS,RAD,TAX,B,LSTAT,0.03837640825817079
DIS,RAD,PTRATIO,B,LSTAT,0.0581021740066433
DIS,TAX,PTRATIO,B,LSTAT,-0.02733396915738795
RAD,TAX,PTRATIO,B,LSTAT,0.18500430144320812
